1;MarcinK
2;tpablo
3;mateusz_grotek
4;mmikulsk
5;z0QtFigq
6;N3NP9rO7
7;yigLXDV9
8;jakub
9;6mEm6aOW
10;4kkq1ge-
11;chalwa3
12;filip
13;krolowa
14;kszreter
15;5I0BEZJM
16;oqzEo5_p
17;rafaljurk
18;XOVFyRf9
19;skapka1
20;kaban
21;stojhalina
22;Diego12Pl
23;is2112_90
24;aleksandra
25;theoff_dexter
26;y3FZQzdX
27;edytas
28;grampa
29;kamilw
30;omfg
31;skipper
32;triforce
33;martynka_1989
34;lukasge
35;n9e1mYlV
36;YtFWaJdW
37;CTlmXT1a
38;sexmaster
39;hoboczakaga
40;jjdtkXxW
41;V_vo2eSh
42;obamaismydad
43;test
44;chiz
45;magdan
46;cagata
47;EKZgR4rj
48;wilip
49;qbisiak
50;9LW7BltM
51;ranisz
52;wlodarczykaaa
53;2BfcbOFE
54;flakk
55;cebulak
56;arturb
57;moniakrewetka
58;bogdank
59;kunkaa
60;clemii
61;FlK8_x1V
62;djfill
63;919pZlEq
64;Tomaszjurek
65;PC-YAVP-
66;justynas
67;ktatar156
68;mateuszk
69;kazamer
70;achtungdiekurveforever
71;jackier
72;b-mamiku
73;X4ODLkLz
74;tatar111
75;rattron
76;szi90
77;roC92_XN
78;aniam
79;marcin32
80;remi
81;mbalce
82;dikoz
83;rogali-czek
84;enzof1
85;fortunanna
86;marochcore
87;Agatast
88;portus
89;bok
90;zimniok
91;mashieku4
92;Eragoragon
93;polandstronk
94;kasiadezo1
95;Zuvl8Ody
96;bmkac
97;margo1990
98;morzeigorze1
99;adamblack
100;eddygordo
101;masakratorlewakow
102;andbro
103;PJarczyk
104;b-ramady
105;nXM1DFQ4
106;0AIGOc9o
107;grammarnazi
108;i-b0EPbE
109;tmFATxsP
110;jarekb
111;antekiantek
112;BOlwx8uW
113;niechcemisie
114;bk3
115;saga995
116;v4Irg7mc
117;martarados
118;rezygnacja
119;adasko90
120;mgsmat
121;apogeum25
122;aewiak
123;-Bdqsm40
124;jswaczyna
125;6eVlNrLg
126;mbKK8oyP
127;rC-q6Pps
128;dkdaniel
129;hkubczak
130;lkubczak
131;_AGTS0ck
132;root
133;palkadabrowa
134;tpj5kVG0
135;tusk
136;leszekkub
137;anka
138;ola-2222
139;sziler90
140;9kJpwwrW
141;szymon2377
142;MarlenaR
143;envyk
144;zbirad
145;polgraphic
146;uSYWRwSO
147;trybsonkiewicz
148;amal
149;daniel
150;bmij
151;katarzynkak
152;agnieszkak
153;magdalena_macha
154;proeco
155;papiezfranciszek
156;szymonkuc
157;kochamtomczyka
158;QMN1ZvTo
159;jbas
160;Amawa_ibiki
161;sgaldys
162;krzysztofm
163;sF4QAq_O
164;mefisto
165;eru-gg
166;LTMAjQLp
167;pawel_ort
168;beta
169;piotrsielski
170;szarlejs
171;R5jo-djN
172;karolinalam
173;3qjBIoDR
174;szymonkubka
175;krzysztofmaj
176;G9FiXI5d
177;crpgfan
178;paulinak77
179;patitka89
180;kazmierska3
181;ehrwisdk
182;bkIEAVJJ
183;cysiek
184;pprystupa
185;olabordo
186;januszmaj
187;aimless9
188;WI6mcUJi
189;emilka
190;lukasz_ros
191;bart
192;abogda
193;Kemf
194;4chanpower
195;chutinpuj
196;mariuszk
197;demolist
198;cjoanna
199;krulkorwin
200;1EQdeoSg
201;paula17
202;vvTxUyKa
203;bartoszmak
204;jncorp
205;michalkrajewski90
206;n00b
207;michalorlik
208;stefanl
209;p_suchy83
210;jsosnicka
211;taleksandra
212;drabinka
213;szreterd
214;jpajak
