1;Basic: Budget: <D2
2;Basic: Budget: <D3
3;Basic: Budget: <D4
4;Basic: Budget: <D5
5;Basic: Budget: <D6
6;Basic: Budget: <D7
7;Basic: Budget: <D8
8;Basic: Budget: <D9
9;Basic: Production date: season: autumn
10;Basic: Production date: season: spring
11;Basic: Production date: season: summer
12;Basic: Production date: season: winter
13;Basic: Production date: year: <D2
14;Basic: Production date: year: <D3
15;Basic: Production date: year: <D4
16;Basic: Production date: year: <D5
17;Basic: Production date: year: <D6
18;Basic: Production date: year: <D7
19;Basic: Production date: year: <D8
20;Basic: Production date: year: <D9
21;Basic: Title: 1
22;Basic: Title: 12
23;Basic: Title: 2
24;Basic: Title: 2001
25;Basic: Title: 3
26;Basic: Title: 9
27;Basic: Title: affair
28;Basic: Title: afternoon
29;Basic: Title: alexand
30;Basic: Title: alien
31;Basic: Title: amadeus
32;Basic: Title: america
33;Basic: Title: american
34;Basic: Title: amor
35;Basic: Title: anatomi
36;Basic: Title: angri
37;Basic: Title: anni
38;Basic: Title: apocalyps
39;Basic: Title: arabia
40;Basic: Title: ark
41;Basic: Title: arsenic
42;Basic: Title: artist
43;Basic: Title: aveng
44;Basic: Title: babi
45;Basic: Title: barrel
46;Basic: Title: barri
47;Basic: Title: basterd
48;Basic: Title: batman
49;Basic: Title: beast
50;Basic: Title: beauti
51;Basic: Title: benhur
52;Basic: Title: bill
53;Basic: Title: black
54;Basic: Title: blade
55;Basic: Title: blood
56;Basic: Title: bomb
57;Basic: Title: boulevard
58;Basic: Title: bourn
59;Basic: Title: braveheart
60;Basic: Title: brian
61;Basic: Title: bride
62;Basic: Title: bridg
63;Basic: Title: bull
64;Basic: Title: bunch
65;Basic: Title: butch
66;Basic: Title: candid
67;Basic: Title: caribbean
68;Basic: Title: casablanca
69;Basic: Title: casino
70;Basic: Title: cassidi
71;Basic: Title: celebr
72;Basic: Title: chinatown
73;Basic: Title: cinema
74;Basic: Title: citi
75;Basic: Title: citizen
76;Basic: Title: clockwork
77;Basic: Title: club
78;Basic: Title: color
79;Basic: Title: confidenti
80;Basic: Title: cool
81;Basic: Title: countri
82;Basic: Title: crusad
83;Basic: Title: cuckoo
84;Basic: Title: curs
85;Basic: Title: dark
86;Basic: Title: darko
87;Basic: Title: death
88;Basic: Title: deer
89;Basic: Title: depart
90;Basic: Title: desir
91;Basic: Title: dictat
92;Basic: Title: die
93;Basic: Title: district
94;Basic: Title: django
95;Basic: Title: dog
96;Basic: Title: dollar
97;Basic: Title: donni
98;Basic: Title: doubl
99;Basic: Title: dr
100;Basic: Title: dragon
101;Basic: Title: dream
102;Basic: Title: driver
103;Basic: Title: earth
104;Basic: Title: eleph
105;Basic: Title: episod
106;Basic: Title: escap
107;Basic: Title: etern
108;Basic: Title: eve
109;Basic: Title: evil
110;Basic: Title: exorcist
111;Basic: Title: falcon
112;Basic: Title: fanni
113;Basic: Title: fargo
114;Basic: Title: father
115;Basic: Title: fiction
116;Basic: Title: fight
117;Basic: Title: find
118;Basic: Title: fist
119;Basic: Title: flew
120;Basic: Title: forrest
121;Basic: Title: futur
122;Basic: Title: gandhi
123;Basic: Title: general
124;Basic: Title: gladiat
125;Basic: Title: glori
126;Basic: Title: god
127;Basic: Title: godfath
128;Basic: Title: goe
129;Basic: Title: gold
130;Basic: Title: good
131;Basic: Title: goodfella
132;Basic: Title: graduat
133;Basic: Title: grail
134;Basic: Title: gran
135;Basic: Title: grape
136;Basic: Title: great
137;Basic: Title: green
138;Basic: Title: groundhog
139;Basic: Title: gump
140;Basic: Title: hall
141;Basic: Title: hallow
142;Basic: Title: hand
143;Basic: Title: happen
144;Basic: Title: hard
145;Basic: Title: harri
146;Basic: Title: harvey
147;Basic: Title: heat
148;Basic: Title: histori
149;Basic: Title: hobbit
150;Basic: Title: holi
151;Basic: Title: holiday
152;Basic: Title: hot
153;Basic: Title: hotel
154;Basic: Title: hunt
155;Basic: Title: hunter
156;Basic: Title: hustler
157;Basic: Title: idiot
158;Basic: Title: inc
159;Basic: Title: incendi
160;Basic: Title: incept
161;Basic: Title: indemn
162;Basic: Title: indiana
163;Basic: Title: infern
164;Basic: Title: inglouri
165;Basic: Title: intouch
166;Basic: Title: island
167;Basic: Title: jacket
168;Basic: Title: jaw
169;Basic: Title: jedi
170;Basic: Title: jone
171;Basic: Title: journey
172;Basic: Title: judgment
173;Basic: Title: jurass
174;Basic: Title: kane
175;Basic: Title: kid
176;Basic: Title: kill
177;Basic: Title: king
178;Basic: Title: knight
179;Basic: Title: kwai
180;Basic: Title: la
181;Basic: Title: labyrinth
182;Basic: Title: lace
183;Basic: Title: lamb
184;Basic: Title: lawrenc
185;Basic: Title: learn
186;Basic: Title: lebowski
187;Basic: Title: liberti
188;Basic: Title: life
189;Basic: Title: light
190;Basic: Title: lion
191;Basic: Title: list
192;Basic: Title: live
193;Basic: Title: lock
194;Basic: Title: lord
195;Basic: Title: lost
196;Basic: Title: love
197;Basic: Title: luke
198;Basic: Title: lyndon
199;Basic: Title: m
200;Basic: Title: madr
201;Basic: Title: maltes
202;Basic: Title: man
203;Basic: Title: manchurian
204;Basic: Title: mari
205;Basic: Title: matrix
206;Basic: Title: max
207;Basic: Title: memento
208;Basic: Title: men
209;Basic: Title: metal
210;Basic: Title: metropoli
211;Basic: Title: mile
212;Basic: Title: millionair
213;Basic: Title: mind
214;Basic: Title: mockingbird
215;Basic: Title: modern
216;Basic: Title: mononok
217;Basic: Title: monster
218;Basic: Title: monti
219;Basic: Title: mr
220;Basic: Title: murder
221;Basic: Title: mystic
222;Basic: Title: name
223;Basic: Title: nausicaa
224;Basic: Title: neighbor
225;Basic: Title: nemo
226;Basic: Title: nest
227;Basic: Title: network
228;Basic: Title: night
229;Basic: Title: noon
230;Basic: Title: north
231;Basic: Title: northwest
232;Basic: Title: notori
233;Basic: Title: now
234;Basic: Title: odyssey
235;Basic: Title: old
236;Basic: Title: onc
237;Basic: Title: orang
238;Basic: Title: oz
239;Basic: Title: pan
240;Basic: Title: papillon
241;Basic: Title: paradiso
242;Basic: Title: park
243;Basic: Title: part
244;Basic: Title: path
245;Basic: Title: pearl
246;Basic: Title: perro
247;Basic: Title: persona
248;Basic: Title: pi
249;Basic: Title: pianist
250;Basic: Title: pirat
251;Basic: Title: platoon
252;Basic: Title: potter
253;Basic: Title: prestig
254;Basic: Title: princess
255;Basic: Title: privat
256;Basic: Title: psycho
257;Basic: Title: pulp
258;Basic: Title: python
259;Basic: Title: quiet
260;Basic: Title: rage
261;Basic: Title: raider
262;Basic: Title: rain
263;Basic: Title: ran
264;Basic: Title: ratatouill
265;Basic: Title: rear
266;Basic: Title: rebecca
267;Basic: Title: red
268;Basic: Title: redempt
269;Basic: Title: requiem
270;Basic: Title: reservoir
271;Basic: Title: return
272;Basic: Title: ring
273;Basic: Title: river
274;Basic: Title: rocki
275;Basic: Title: roman
276;Basic: Title: rope
277;Basic: Title: rosemari
278;Basic: Title: runner
279;Basic: Title: rush
280;Basic: Title: rwanda
281;Basic: Title: ryan
282;Basic: Title: scarfac
283;Basic: Title: schindler
284;Basic: Title: se7en
285;Basic: Title: sens
286;Basic: Title: shawshank
287;Basic: Title: shine
288;Basic: Title: shot
289;Basic: Title: shutter
290;Basic: Title: sierra
291;Basic: Title: silenc
292;Basic: Title: sin
293;Basic: Title: singin
294;Basic: Title: sleep
295;Basic: Title: sleuth
296;Basic: Title: slumdog
297;Basic: Title: smith
298;Basic: Title: smoke
299;Basic: Title: snatch
300;Basic: Title: space
301;Basic: Title: speech
302;Basic: Title: spotless
303;Basic: Title: stand
304;Basic: Title: star
305;Basic: Title: sting
306;Basic: Title: stock
307;Basic: Title: stop
308;Basic: Title: stori
309;Basic: Title: strangelov
310;Basic: Title: stranger
311;Basic: Title: streetcar
312;Basic: Title: sundanc
313;Basic: Title: sunris
314;Basic: Title: sunset
315;Basic: Title: sunshin
316;Basic: Title: suspect
317;Basic: Title: swan
318;Basic: Title: taxi
319;Basic: Title: termin
320;Basic: Title: thing
321;Basic: Title: torino
322;Basic: Title: totoro
323;Basic: Title: touch
324;Basic: Title: tower
325;Basic: Title: toy
326;Basic: Title: train
327;Basic: Title: trainspot
328;Basic: Title: treasur
329;Basic: Title: trek
330;Basic: Title: truman
331;Basic: Title: ugli
332;Basic: Title: ultimatum
333;Basic: Title: unchain
334;Basic: Title: unexpect
335;Basic: Title: untouch
336;Basic: Title: usual
337;Basic: Title: valanc
338;Basic: Title: valley
339;Basic: Title: vi
340;Basic: Title: vol
341;Basic: Title: war
342;Basic: Title: washington
343;Basic: Title: waterfront
344;Basic: Title: western
345;Basic: Title: wild
346;Basic: Title: wind
347;Basic: Title: window
348;Basic: Title: wizard
349;Basic: Title: wonder
350;Basic: Title: worri
351;Basic: Title: wrath
352;Basic: Title: x
353;Cast: average age: <D2
354;Cast: average age: <D3
355;Cast: average age: <D4
356;Cast: average age: <D5
357;Cast: average age: <D6
358;Cast: average age: <D7
359;Cast: average age: <D8
360;Cast: average age: <D9
361;Cast: three most important actors: aamirkhan
362;Cast: three most important actors: aaroneckhart
363;Cast: three most important actors: adambaldwin
364;Cast: three most important actors: adolphemenjou
365;Cast: three most important actors: adrienbrody
366;Cast: three most important actors: adriennecorri
367;Cast: three most important actors: agnesmoorehead
368;Cast: three most important actors: akiraterao
369;Cast: three most important actors: alanrickman
370;Cast: three most important actors: albertbrooks
371;Cast: three most important actors: aleccawthorne
372;Cast: three most important actors: alecguinness
373;Cast: three most important actors: alexandergould
374;Cast: three most important actors: alexandrarapaport
375;Cast: three most important actors: alexandrerodrigues
376;Cast: three most important actors: alfredabel
377;Cast: three most important actors: alidavalli
378;Cast: three most important actors: allanedwall
379;Cast: three most important actors: alpacino
380;Cast: three most important actors: amandaplummer
381;Cast: three most important actors: andiemacdowell
382;Cast: three most important actors: andreaeckert
383;Cast: three most important actors: andylau
384;Cast: three most important actors: anilkapoor
385;Cast: three most important actors: annebancroft
386;Cast: three most important actors: annebaxter
387;Cast: three most important actors: anneleny
388;Cast: three most important actors: annettebening
389;Cast: three most important actors: anthonyhopkins
390;Cast: three most important actors: anthonyperkins
391;Cast: three most important actors: anthonyquinn
392;Cast: three most important actors: anthonywong
393;Cast: three most important actors: arnoldlucy
394;Cast: three most important actors: arnoldschwarzenegger
395;Cast: three most important actors: audreyhepburn
396;Cast: three most important actors: ayushtandon
397;Cast: three most important actors: barbarastanwyck
398;Cast: three most important actors: benaffleck
399;Cast: three most important actors: bengazzara
400;Cast: three most important actors: benkingsley
401;Cast: three most important actors: berenicebejo
402;Cast: three most important actors: bettedavis
403;Cast: three most important actors: beverlydangelo
404;Cast: three most important actors: bibiandersson
405;Cast: three most important actors: billmurray
406;Cast: three most important actors: billycrystal
407;Cast: three most important actors: bobgunton
408;Cast: three most important actors: bonniehunt
409;Cast: three most important actors: bradpitt
410;Cast: three most important actors: brigittehelm
411;Cast: three most important actors: brucewillis
412;Cast: three most important actors: burtyoung
413;Cast: three most important actors: busterkeaton
414;Cast: three most important actors: candicebergen
415;Cast: three most important actors: carrieannemoss
416;Cast: three most important actors: carriefisher
417;Cast: three most important actors: caryelwes
418;Cast: three most important actors: carygrant
419;Cast: three most important actors: catherinemccormack
420;Cast: three most important actors: cathymoriarty
421;Cast: three most important actors: charleschaplin
422;Cast: three most important actors: charlesdurning
423;Cast: three most important actors: charliesheen
424;Cast: three most important actors: charltonheston
425;Cast: three most important actors: chikasakamoto
426;Cast: three most important actors: chriselliott
427;Cast: three most important actors: chrisevans
428;Cast: three most important actors: chrispine
429;Cast: three most important actors: christianbale
430;Cast: three most important actors: christophergartin
431;Cast: three most important actors: christopherlloyd
432;Cast: three most important actors: christophwaltz
433;Cast: three most important actors: clarkgable
434;Cast: three most important actors: clauderains
435;Cast: three most important actors: claudettecolbert
436;Cast: three most important actors: clinteastwood
437;Cast: three most important actors: cliveowen
438;Cast: three most important actors: coleengray
439;Cast: three most important actors: colinfirth
440;Cast: three most important actors: connienielsen
441;Cast: three most important actors: coreyfeldman
442;Cast: three most important actors: coryhardrict
443;Cast: three most important actors: craigferguson
444;Cast: three most important actors: cybillshepherd
445;Cast: three most important actors: daisukeryu
446;Cast: three most important actors: danaandrews
447;Cast: three most important actors: danieldaylewis
448;Cast: three most important actors: danielradcliffe
449;Cast: three most important actors: dannydevito
450;Cast: three most important actors: dannylloyd
451;Cast: three most important actors: darsheelsafary
452;Cast: three most important actors: davidstrathairn
453;Cast: three most important actors: debbiereynolds
454;Cast: three most important actors: denholmelliott
455;Cast: three most important actors: dennisfarina
456;Cast: three most important actors: devpatel
457;Cast: three most important actors: dexterfletcher
458;Cast: three most important actors: dianekeaton
459;Cast: three most important actors: dillonfreasier
460;Cast: three most important actors: donaldoconnor
461;Cast: three most important actors: doncheadle
462;Cast: three most important actors: donnareed
463;Cast: three most important actors: donrickles
464;Cast: three most important actors: douglasrain
465;Cast: three most important actors: drewbarrymore
466;Cast: three most important actors: dustinhoffman
467;Cast: three most important actors: edbegley
468;Cast: three most important actors: eddiealbert
469;Cast: three most important actors: edharris
470;Cast: three most important actors: ednapurviance
471;Cast: three most important actors: edwardfurlong
472;Cast: three most important actors: edwardgrobinson
473;Cast: three most important actors: edwardnorton
474;Cast: three most important actors: elijahwood
475;Cast: three most important actors: eliwallach
476;Cast: three most important actors: elizabethberridge
477;Cast: three most important actors: elizabethmcgovern
478;Cast: three most important actors: ellenburstyn
479;Cast: three most important actors: ellendegeneres
480;Cast: three most important actors: ellenpage
481;Cast: three most important actors: ellenwidmann
482;Cast: three most important actors: emilehirsch
483;Cast: three most important actors: emmathompson
484;Cast: three most important actors: emmawatson
485;Cast: three most important actors: ericbana
486;Cast: three most important actors: erichvonstroheim
487;Cast: three most important actors: ericidle
488;Cast: three most important actors: erlandjosephson
489;Cast: three most important actors: ernestborgnine
490;Cast: three most important actors: ethanhawke
491;Cast: three most important actors: evamariesaint
492;Cast: three most important actors: ewafroling
493;Cast: three most important actors: ewanmcgregor
494;Cast: three most important actors: ewenbremner
495;Cast: three most important actors: farleygranger
496;Cast: three most important actors: fayedunaway
497;Cast: three most important actors: florencelee
498;Cast: three most important actors: fmurrayabraham
499;Cast: three most important actors: francesmcdormand
500;Cast: three most important actors: francoiscluzet
501;Cast: three most important actors: frankfinlay
502;Cast: three most important actors: frankmorgan
503;Cast: three most important actors: franksinatra
504;Cast: three most important actors: fredmacmurray
505;Cast: three most important actors: fredricmarch
506;Cast: three most important actors: gabrielbyrne
507;Cast: three most important actors: gaelgarciabernal
508;Cast: three most important actors: garycooper
509;Cast: three most important actors: garylockwood
510;Cast: three most important actors: genekelly
511;Cast: three most important actors: geoffreyrush
512;Cast: three most important actors: georgecscott
513;Cast: three most important actors: georgekennedy
514;Cast: three most important actors: georgesanders
515;Cast: three most important actors: georgiahale
516;Cast: three most important actors: gerardbutler
517;Cast: three most important actors: gladysgeorge
518;Cast: three most important actors: glencavender
519;Cast: three most important actors: gloriaswanson
520;Cast: three most important actors: goyatoledo
521;Cast: three most important actors: gracekelly
522;Cast: three most important actors: grahamchapman
523;Cast: three most important actors: gregorypeck
524;Cast: three most important actors: gustavfrohlich
525;Cast: three most important actors: guypearce
526;Cast: three most important actors: gwynethpaltrow
527;Cast: three most important actors: haleyjoelosment
528;Cast: three most important actors: hardykruger
529;Cast: three most important actors: harrisonford
530;Cast: three most important actors: harveykeitel
531;Cast: three most important actors: hayaharareet
532;Cast: three most important actors: heathledger
533;Cast: three most important actors: helenabonhamcarter
534;Cast: three most important actors: henningmoritzen
535;Cast: three most important actors: henrybergman
536;Cast: three most important actors: henryfonda
537;Cast: three most important actors: hilaryswank
538;Cast: three most important actors: hisakokyoda
539;Cast: three most important actors: hitoshitakagi
540;Cast: three most important actors: hughjackman
541;Cast: three most important actors: humphreybogart
542;Cast: three most important actors: ianmckellen
543;Cast: three most important actors: ingelandgut
544;Cast: three most important actors: ingridbergman
545;Cast: three most important actors: irenejacob
546;Cast: three most important actors: irrfankhan
547;Cast: three most important actors: ivanabaquero
548;Cast: three most important actors: jackhawkins
549;Cast: three most important actors: jackiecoogan
550;Cast: three most important actors: jackiegleason
551;Cast: three most important actors: jacklemmon
552;Cast: three most important actors: jacknicholson
553;Cast: three most important actors: jackoakie
554;Cast: three most important actors: jacquesperrin
555;Cast: three most important actors: jakegyllenhaal
556;Cast: three most important actors: jamescaan
557;Cast: three most important actors: jamesearljones
558;Cast: three most important actors: jamesgarner
559;Cast: three most important actors: jamesmason
560;Cast: three most important actors: jamesstewart
561;Cast: three most important actors: jameswoods
562;Cast: three most important actors: jamiefoxx
563;Cast: three most important actors: janeanegarofalo
564;Cast: three most important actors: janedarwell
565;Cast: three most important actors: janetleigh
566;Cast: three most important actors: jaredleto
567;Cast: three most important actors: jasoncope
568;Cast: three most important actors: jasonflemyng
569;Cast: three most important actors: jasonmiller
570;Cast: three most important actors: jasonstatham
571;Cast: three most important actors: javierbardem
572;Cast: three most important actors: jaybaruchel
573;Cast: three most important actors: jeanarthur
574;Cast: three most important actors: jeandujardin
575;Cast: three most important actors: jeanlouistrintignant
576;Cast: three most important actors: jeanpierrelorit
577;Cast: three most important actors: jeffbridges
578;Cast: three most important actors: jeffgoldblum
579;Cast: three most important actors: jenniferconnelly
580;Cast: three most important actors: jimcarrey
581;Cast: three most important actors: jinpachinezu
582;Cast: three most important actors: joanfontaine
583;Cast: three most important actors: joaquinphoenix
584;Cast: three most important actors: jodiefoster
585;Cast: three most important actors: joepantoliano
586;Cast: three most important actors: joepesci
587;Cast: three most important actors: johncarradine
588;Cast: three most important actors: johncarrolllynch
589;Cast: three most important actors: johncassavetes
590;Cast: three most important actors: johncazale
591;Cast: three most important actors: johncleese
592;Cast: three most important actors: johndall
593;Cast: three most important actors: johngavin
594;Cast: three most important actors: johngoodman
595;Cast: three most important actors: johnhurt
596;Cast: three most important actors: johnhuston
597;Cast: three most important actors: johnnydepp
598;Cast: three most important actors: johnridgely
599;Cast: three most important actors: johnsavage
600;Cast: three most important actors: johnwayne
601;Cast: three most important actors: johnwray
602;Cast: three most important actors: jonathantaylorthomas
603;Cast: three most important actors: jonnyleemiller
604;Cast: three most important actors: josephcotten
605;Cast: three most important actors: josephgordonlevitt
606;Cast: three most important actors: josephinehull
607;Cast: three most important actors: joshbrolin
608;Cast: three most important actors: judygarland
609;Cast: three most important actors: juliastiles
610;Cast: three most important actors: juliedelpy
611;Cast: three most important actors: kareenakapoor
612;Cast: three most important actors: karenallen
613;Cast: three most important actors: karlmalden
614;Cast: three most important actors: katewinslet
615;Cast: three most important actors: katharineross
616;Cast: three most important actors: keanureeves
617;Cast: three most important actors: keirdullea
618;Cast: three most important actors: kevinbacon
619;Cast: three most important actors: kevincostner
620;Cast: three most important actors: kevinspacey
621;Cast: three most important actors: kimhunter
622;Cast: three most important actors: kirkdouglas
623;Cast: three most important actors: kurtrussell
624;Cast: three most important actors: lauradern
625;Cast: three most important actors: lauralinney
626;Cast: three most important actors: lauralovelace
627;Cast: three most important actors: laurenbacall
628;Cast: three most important actors: laurencefishburne
629;Cast: three most important actors: laurenceharvey
630;Cast: three most important actors: laurenceolivier
631;Cast: three most important actors: lawrenceabonney
632;Cast: three most important actors: leandrofirmino
633;Cast: three most important actors: leathompson
634;Cast: three most important actors: leejcobb
635;Cast: three most important actors: leeremick
636;Cast: three most important actors: leevancleef
637;Cast: three most important actors: leonardnimoy
638;Cast: three most important actors: leonardodicaprio
639;Cast: three most important actors: lewayres
640;Cast: three most important actors: liamneeson
641;Cast: three most important actors: lilliangish
642;Cast: three most important actors: lindahamilton
643;Cast: three most important actors: lionelbarrymore
644;Cast: three most important actors: livullmann
645;Cast: three most important actors: louisefletcher
646;Cast: three most important actors: louromano
647;Cast: three most important actors: lubnaazabal
648;Cast: three most important actors: lucyliu
649;Cast: three most important actors: lukeaskew
650;Cast: three most important actors: mackswain
651;Cast: three most important actors: madhavan
652;Cast: three most important actors: madsmikkelsen
653;Cast: three most important actors: mahitotsujimura
654;Cast: three most important actors: malcolmmcdowell
655;Cast: three most important actors: mandypatinkin
656;Cast: three most important actors: marciagayharden
657;Cast: three most important actors: marcoleonardi
658;Cast: three most important actors: margarethakrook
659;Cast: three most important actors: mariannekoch
660;Cast: three most important actors: maribelverdu
661;Cast: three most important actors: marilynmonroe
662;Cast: three most important actors: marionmack
663;Cast: three most important actors: marisaberenson
664;Cast: three most important actors: markhamill
665;Cast: three most important actors: markruffalo
666;Cast: three most important actors: marlonbrando
667;Cast: three most important actors: martinfreeman
668;Cast: three most important actors: martinsheen
669;Cast: three most important actors: maryastor
670;Cast: three most important actors: marybadham
671;Cast: three most important actors: marygibbs
672;Cast: three most important actors: mattdamon
673;Cast: three most important actors: matthewbroderick
674;Cast: three most important actors: matthewmodine
675;Cast: three most important actors: maximgaudette
676;Cast: three most important actors: maxvonsydow
677;Cast: three most important actors: melanielaurent
678;Cast: three most important actors: melgibson
679;Cast: three most important actors: melissadesormeauxpoulin
680;Cast: three most important actors: miadrakeinderbitzin
681;Cast: three most important actors: miafarrow
682;Cast: three most important actors: michaelbiehn
683;Cast: three most important actors: michaelcaine
684;Cast: three most important actors: michaelclarkeduncan
685;Cast: three most important actors: michaeljfox
686;Cast: three most important actors: michaelmadsen
687;Cast: three most important actors: michellepfeiffer
688;Cast: three most important actors: mickeyrourke
689;Cast: three most important actors: milakunis
690;Cast: three most important actors: morganfreeman
691;Cast: three most important actors: myrnaloy
692;Cast: three most important actors: natalieportman
693;Cast: three most important actors: nathalieboltt
694;Cast: three most important actors: nickmoran
695;Cast: three most important actors: nicknolte
696;Cast: three most important actors: noahemmerich
697;Cast: three most important actors: norikohidaka
698;Cast: three most important actors: oliviadehavilland
699;Cast: three most important actors: omarsy
700;Cast: three most important actors: orlandobloom
701;Cast: three most important actors: orsonwelles
702;Cast: three most important actors: paigeohara
703;Cast: three most important actors: patrickmagee
704;Cast: three most important actors: patrickswayze
705;Cast: three most important actors: pattonoswalt
706;Cast: three most important actors: pauldano
707;Cast: three most important actors: paulettegoddard
708;Cast: three most important actors: paulfreeman
709;Cast: three most important actors: paulhenreid
710;Cast: three most important actors: paulnewman
711;Cast: three most important actors: peggydow
712;Cast: three most important actors: petepostlethwaite
713;Cast: three most important actors: peterfinch
714;Cast: three most important actors: peterlorre
715;Cast: three most important actors: peterotoole
716;Cast: three most important actors: petersellers
717;Cast: three most important actors: phellipehaagensen
718;Cast: three most important actors: philippenoiret
719;Cast: three most important actors: philipseymourhoffman
720;Cast: three most important actors: phillipalford
721;Cast: three most important actors: piperlaurie
722;Cast: three most important actors: priscillalane
723;Cast: three most important actors: ralphfiennes
724;Cast: three most important actors: ralphmeeker
725;Cast: three most important actors: raybolger
726;Cast: three most important actors: rayliotta
727;Cast: three most important actors: raymondmassey
728;Cast: three most important actors: reginaldgardiner
729;Cast: three most important actors: reginaldveljohnson
730;Cast: three most important actors: richardarmitage
731;Cast: three most important actors: richardattenborough
732;Cast: three most important actors: richarddreyfuss
733;Cast: three most important actors: richardwhite
734;Cast: three most important actors: riverphoenix
735;Cast: three most important actors: robbybenson
736;Cast: three most important actors: robertdeniro
737;Cast: three most important actors: robertdowneyjr
738;Cast: three most important actors: robertduvall
739;Cast: three most important actors: robertmitchum
740;Cast: three most important actors: robertredford
741;Cast: three most important actors: robertryan
742;Cast: three most important actors: robertshaw
743;Cast: three most important actors: robertwalker
744;Cast: three most important actors: robinwilliams
745;Cast: three most important actors: robinwright
746;Cast: three most important actors: rohinihattangadi
747;Cast: three most important actors: royscheider
748;Cast: three most important actors: rupertgrint
749;Cast: three most important actors: russellcrowe
750;Cast: three most important actors: rutgerhauer
751;Cast: three most important actors: ruthgordon
752;Cast: three most important actors: ruthroman
753;Cast: three most important actors: ryanoneal
754;Cast: three most important actors: sallyfield
755;Cast: three most important actors: samneill
756;Cast: three most important actors: seanconnery
757;Cast: three most important actors: seanpenn
758;Cast: three most important actors: seanyoung
759;Cast: three most important actors: sergilopez
760;Cast: three most important actors: sharltocopley
761;Cast: three most important actors: sharonstone
762;Cast: three most important actors: shelleyduvall
763;Cast: three most important actors: shelleywinters
764;Cast: three most important actors: shirleymaclaine
765;Cast: three most important actors: sigourneyweaver
766;Cast: three most important actors: sophiemarceau
767;Cast: three most important actors: sophieokonedo
768;Cast: three most important actors: stephenbaldwin
769;Cast: three most important actors: stephengraham
770;Cast: three most important actors: sterlinghayden
771;Cast: three most important actors: stevebuscemi
772;Cast: three most important actors: stevemcqueen
773;Cast: three most important actors: stevenbauer
774;Cast: three most important actors: sumishimamoto
775;Cast: three most important actors: surajsharma
776;Cast: three most important actors: sylvesterstallone
777;Cast: three most important actors: taliashire
778;Cast: three most important actors: terrygilliam
779;Cast: three most important actors: thomasbolarsen
780;Cast: three most important actors: thomaskretschmann
781;Cast: three most important actors: thomasmitchell
782;Cast: three most important actors: thorabirch
783;Cast: three most important actors: timallen
784;Cast: three most important actors: timholt
785;Cast: three most important actors: timrobbins
786;Cast: three most important actors: timroth
787;Cast: three most important actors: tiscachopra
788;Cast: three most important actors: tkcarter
789;Cast: three most important actors: tomberenger
790;Cast: three most important actors: tomcruise
791;Cast: three most important actors: tomhanks
792;Cast: three most important actors: tomhulce
793;Cast: three most important actors: tommyleejones
794;Cast: three most important actors: tomsizemore
795;Cast: three most important actors: tomskerritt
796;Cast: three most important actors: tonicollette
797;Cast: three most important actors: tonycurtis
798;Cast: three most important actors: tonyleungchiuwai
799;Cast: three most important actors: tonyroberts
800;Cast: three most important actors: ulrichthomsen
801;Cast: three most important actors: umathurman
802;Cast: three most important actors: valeriagolino
803;Cast: three most important actors: valkilmer
804;Cast: three most important actors: vanessabauche
805;Cast: three most important actors: veramiles
806;Cast: three most important actors: veronicacartwright
807;Cast: three most important actors: viggomortensen
808;Cast: three most important actors: vinceedwards
809;Cast: three most important actors: vincentdonofrio
810;Cast: three most important actors: virginiacherrill
811;Cast: three most important actors: vivicaafox
812;Cast: three most important actors: vivienleigh
813;Cast: three most important actors: walterconnolly
814;Cast: three most important actors: walterhuston
815;Cast: three most important actors: wendellcorey
816;Cast: three most important actors: wilfordbrimley
817;Cast: three most important actors: willemdafoe
818;Cast: three most important actors: williamhmacy
819;Cast: three most important actors: williamholden
820;Cast: three most important actors: williamhurt
821;Cast: three most important actors: wilwheaton
822;Cast: three most important actors: wolfganglukschy
823;Cast: three most important actors: woodrowparfrey
824;Cast: three most important actors: woodyallen
825;Cast: three most important actors: yojimatsuda
826;Cast: three most important actors: yukotanaka
827;Cast: three most important actors: yurikoishida
828;Cast: three most important actors: zacharyquinto
829;Crew: the first movie director: aamirkhan
830;Crew: the first movie director: adamelliot
831;Crew: the first movie director: akirakurosawa
832;Crew: the first movie director: alanmak
833;Crew: the first movie director: alejandrogonzalezinarritu
834;Crew: the first movie director: alfredhitchcock
835;Crew: the first movie director: andrewstanton
836;Crew: the first movie director: andywachowski
837;Crew: the first movie director: anglee
838;Crew: the first movie director: barrylevinson
839;Crew: the first movie director: billywilder
840;Crew: the first movie director: bradbird
841;Crew: the first movie director: briandepalma
842;Crew: the first movie director: bryansinger
843;Crew: the first movie director: carolreed
844;Crew: the first movie director: charleschaplin
845;Crew: the first movie director: charleslaughton
846;Crew: the first movie director: christophernolan
847;Crew: the first movie director: clinteastwood
848;Crew: the first movie director: clydebruckman
849;Crew: the first movie director: curtishanson
850;Crew: the first movie director: dannyboyle
851;Crew: the first movie director: darrenaronofsky
852;Crew: the first movie director: davidfincher
853;Crew: the first movie director: davidlean
854;Crew: the first movie director: davidlynch
855;Crew: the first movie director: davidyates
856;Crew: the first movie director: deandeblois
857;Crew: the first movie director: denisvilleneuve
858;Crew: the first movie director: eliakazan
859;Crew: the first movie director: erictoledano
860;Crew: the first movie director: fernandomeirelles
861;Crew: the first movie director: francisfordcoppola
862;Crew: the first movie director: frankcapra
863;Crew: the first movie director: frankdarabont
864;Crew: the first movie director: franklinjschaffner
865;Crew: the first movie director: frankmiller
866;Crew: the first movie director: fredzinnemann
867;Crew: the first movie director: fritzlang
868;Crew: the first movie director: garytrousdale
869;Crew: the first movie director: georgeroyhill
870;Crew: the first movie director: giuseppetornatore
871;Crew: the first movie director: goreverbinski
872;Crew: the first movie director: guillermodeltoro
873;Crew: the first movie director: gusvansant
874;Crew: the first movie director: guyritchie
875;Crew: the first movie director: haroldramis
876;Crew: the first movie director: hayaomiyazaki
877;Crew: the first movie director: henrykoster
878;Crew: the first movie director: howardhawks
879;Crew: the first movie director: ingmarbergman
880;Crew: the first movie director: jamescameron
881;Crew: the first movie director: jimsheridan
882;Crew: the first movie director: jjabrams
883;Crew: the first movie director: joelcoen
884;Crew: the first movie director: johncarpenter
885;Crew: the first movie director: johnford
886;Crew: the first movie director: johnfrankenheimer
887;Crew: the first movie director: johngavildsen
888;Crew: the first movie director: johnhuston
889;Crew: the first movie director: johnlasseter
890;Crew: the first movie director: johnmctiernan
891;Crew: the first movie director: johnsturges
892;Crew: the first movie director: jonathandemme
893;Crew: the first movie director: josephlmankiewicz
894;Crew: the first movie director: josswhedon
895;Crew: the first movie director: krzysztofkieslowski
896;Crew: the first movie director: leeunkrich
897;Crew: the first movie director: lewismilestone
898;Crew: the first movie director: martinscorsese
899;Crew: the first movie director: melgibson
900;Crew: the first movie director: michaelcimino
901;Crew: the first movie director: michaelcurtiz
902;Crew: the first movie director: michaelmann
903;Crew: the first movie director: michelgondry
904;Crew: the first movie director: michelhazanavicius
905;Crew: the first movie director: mikenichols
906;Crew: the first movie director: milosforman
907;Crew: the first movie director: mnightshyamalan
908;Crew: the first movie director: neillblomkamp
909;Crew: the first movie director: oliverstone
910;Crew: the first movie director: orsonwelles
911;Crew: the first movie director: ottopreminger
912;Crew: the first movie director: paulgreengrass
913;Crew: the first movie director: paulthomasanderson
914;Crew: the first movie director: peterjackson
915;Crew: the first movie director: peterweir
916;Crew: the first movie director: quentintarantino
917;Crew: the first movie director: rajkumarhirani
918;Crew: the first movie director: richardattenborough
919;Crew: the first movie director: richardkelly
920;Crew: the first movie director: richardlinklater
921;Crew: the first movie director: richardmarquand
922;Crew: the first movie director: ridleyscott
923;Crew: the first movie director: robertmulligan
924;Crew: the first movie director: robertrossen
925;Crew: the first movie director: robertzemeckis
926;Crew: the first movie director: robreiner
927;Crew: the first movie director: rogerallers
928;Crew: the first movie director: romanpolanski
929;Crew: the first movie director: ronhoward
930;Crew: the first movie director: sammendes
931;Crew: the first movie director: sampeckinpah
932;Crew: the first movie director: seanpenn
933;Crew: the first movie director: sergioleone
934;Crew: the first movie director: sidneylumet
935;Crew: the first movie director: stanleydonen
936;Crew: the first movie director: stanleykubrick
937;Crew: the first movie director: stevenspielberg
938;Crew: the first movie director: stuartrosenberg
939;Crew: the first movie director: terrygeorge
940;Crew: the first movie director: terrygilliam
941;Crew: the first movie director: terryjones
942;Crew: the first movie director: thomasvinterberg
943;Crew: the first movie director: tomhooper
944;Crew: the first movie director: tonykaye
945;Crew: the first movie director: victorfleming
946;Crew: the first movie director: williamfriedkin
947;Crew: the first movie director: williamwyler
948;Crew: the first movie director: woodyallen
949;Crew: the first movie producer: aaronryder
950;Crew: the first movie producer: adamfields
951;Crew: the first movie producer: alanjpakula
952;Crew: the first movie producer: albertogrimaldi
953;Crew: the first movie producer: albertsruddy
954;Crew: the first movie producer: albertzugsmith
955;Crew: the first movie producer: alejandrogonzalezinarritu
956;Crew: the first movie producer: alfredhitchcock
957;Crew: the first movie producer: andreabarataribeiro
958;Crew: the first movie producer: andrewlauwaikeung
959;Crew: the first movie producer: andrewmacdonald
960;Crew: the first movie producer: annewalkermcbay
961;Crew: the first movie producer: anthonybregman
962;Crew: the first movie producer: arnoldkopelson
963;Crew: the first movie producer: arnonmilchan
964;Crew: the first movie producer: arrigocolombo
965;Crew: the first movie producer: arthurfreed
966;Crew: the first movie producer: artlinson
967;Crew: the first movie producer: barbaradefina
968;Crew: the first movie producer: billywilder
969;Crew: the first movie producer: birgittehald
970;Crew: the first movie producer: bobgale
971;Crew: the first movie producer: bonniearnold
972;Crew: the first movie producer: bradgrey
973;Crew: the first movie producer: bradlewis
974;Crew: the first movie producer: briangrazer
975;Crew: the first movie producer: bruceaevans
976;Crew: the first movie producer: brucecohen
977;Crew: the first movie producer: bryansinger
978;Crew: the first movie producer: busterkeaton
979;Crew: the first movie producer: carllaemmlejr
980;Crew: the first movie producer: carolynnecunningham
981;Crew: the first movie producer: charlesbrackett
982;Crew: the first movie producer: charleschaplin
983;Crew: the first movie producer: charleshjoffe
984;Crew: the first movie producer: charleskfeldman
985;Crew: the first movie producer: christiancolson
986;Crew: the first movie producer: christophernolan
987;Crew: the first movie producer: clinteastwood
988;Crew: the first movie producer: curtishanson
989;Crew: the first movie producer: darlakanderson
990;Crew: the first movie producer: darrylfzanuck
991;Crew: the first movie producer: davidbarron
992;Crew: the first movie producer: davidbrown
993;Crew: the first movie producer: davidfranzoni
994;Crew: the first movie producer: davidoselznick
995;Crew: the first movie producer: davidvaldes
996;Crew: the first movie producer: donhahn
997;Crew: the first movie producer: edwardsfeldman
998;Crew: the first movie producer: elizabethavellan
999;Crew: the first movie producer: emmathomas
1000;Crew: the first movie producer: erichpommer
1001;Crew: the first movie producer: ethancoen
1002;Crew: the first movie producer: francisfordcoppola
1003;Crew: the first movie producer: francocristaldi
1004;Crew: the first movie producer: frankcapra
1005;Crew: the first movie producer: frankmarshall
1006;Crew: the first movie producer: fredccaruso
1007;Crew: the first movie producer: galeannehurd
1008;Crew: the first movie producer: georgeaxelrod
1009;Crew: the first movie producer: gilnetter
1010;Crew: the first movie producer: gordoncarroll
1011;Crew: the first movie producer: grahamwalters
1012;Crew: the first movie producer: guillermodeltoro
1013;Crew: the first movie producer: halbwallis
1014;Crew: the first movie producer: henryblanke
1015;Crew: the first movie producer: henryfonda
1016;Crew: the first movie producer: howardgkazanjian
1017;Crew: the first movie producer: howardhawks
1018;Crew: the first movie producer: hughperceval
1019;Crew: the first movie producer: iaincanning
1020;Crew: the first movie producer: ingmarbergman
1021;Crew: the first movie producer: irwinwinkler
1022;Crew: the first movie producer: jamesbharris
1023;Crew: the first movie producer: jamescameron
1024;Crew: the first movie producer: jennifertodd
1025;Crew: the first movie producer: jerrybruckheimer
1026;Crew: the first movie producer: jimsheridan
1027;Crew: the first movie producer: jjabrams
1028;Crew: the first movie producer: joannesellar
1029;Crew: the first movie producer: joelsilver
1030;Crew: the first movie producer: johnbeck
1031;Crew: the first movie producer: johnforeman
1032;Crew: the first movie producer: johngoldstone
1033;Crew: the first movie producer: johnmorrissey
1034;Crew: the first movie producer: johnsturges
1035;Crew: the first movie producer: jonathansanger
1036;Crew: the first movie producer: jorndonner
1037;Crew: the first movie producer: josephsistrom
1038;Crew: the first movie producer: juliaphillips
1039;Crew: the first movie producer: kathleenkennedy
1040;Crew: the first movie producer: kevinfeige
1041;Crew: the first movie producer: lawrencebender
1042;Crew: the first movie producer: lawrencegordon
1043;Crew: the first movie producer: marinkarmitz
1044;Crew: the first movie producer: markforstater
1045;Crew: the first movie producer: markjohnson
1046;Crew: the first movie producer: martinbregman
1047;Crew: the first movie producer: masatohara
1048;Crew: the first movie producer: matthewvaughn
1049;Crew: the first movie producer: melaniecoombs
1050;Crew: the first movie producer: melgibson
1051;Crew: the first movie producer: mervynleroy
1052;Crew: the first movie producer: michaelcimino
1053;Crew: the first movie producer: michaeldeeley
1054;Crew: the first movie producer: michaeldouglas
1055;Crew: the first movie producer: mikemedavoy
1056;Crew: the first movie producer: mortongottlieb
1057;Crew: the first movie producer: nicholasmeyer
1058;Crew: the first movie producer: nicolasduvaladassovsky
1059;Crew: the first movie producer: nikimarvin
1060;Crew: the first movie producer: null
1061;Crew: the first movie producer: orsonwelles
1062;Crew: the first movie producer: ottopreminger
1063;Crew: the first movie producer: palmerwest
1064;Crew: the first movie producer: paulgregory
1065;Crew: the first movie producer: peterjackson
1066;Crew: the first movie producer: philfeldman
1067;Crew: the first movie producer: phylliscarlyle
1068;Crew: the first movie producer: reginaldhudlin
1069;Crew: the first movie producer: richardattenborough
1070;Crew: the first movie producer: rickdempsey
1071;Crew: the first movie producer: robertchartoff
1072;Crew: the first movie producer: robertdorfmann
1073;Crew: the first movie producer: robertevans
1074;Crew: the first movie producer: robertrossen
1075;Crew: the first movie producer: robertwatts
1076;Crew: the first movie producer: romanpolanski
1077;Crew: the first movie producer: rossgraysonbell
1078;Crew: the first movie producer: samspiegel
1079;Crew: the first movie producer: samuelgoldwyn
1080;Crew: the first movie producer: samzimbalist
1081;Crew: the first movie producer: saulzaentz
1082;Crew: the first movie producer: scottfranklin
1083;Crew: the first movie producer: scottrudin
1084;Crew: the first movie producer: seymournebenzal
1085;Crew: the first movie producer: sidneybernstein
1086;Crew: the first movie producer: sissegraumjorgensen
1087;Crew: the first movie producer: stanleykramer
1088;Crew: the first movie producer: stanleykubrick
1089;Crew: the first movie producer: stevenspielberg
1090;Crew: the first movie producer: stuartcohen
1091;Crew: the first movie producer: thomaslangmann
1092;Crew: the first movie producer: tohruhara
1093;Crew: the first movie producer: tonybill
1094;Crew: the first movie producer: toshiosuzuki
1095;Crew: the first movie producer: trevoralbert
1096;Crew: the first movie producer: vidhuvinodchopra
1097;Crew: the first movie producer: wendyfinerman
1098;Crew: the first movie producer: williamcastle
1099;Crew: the first movie producer: williampeterblatty
1100;Crew: the first movie producer: williamwyler
1101;Crew: the first movie producer: willisgoldbeck
1102;Crew: the first screenplay writer: adolphgreen
1103;Crew: the first screenplay writer: akirakurosawa
1104;Crew: the first screenplay writer: akivagoldsman
1105;Crew: the first screenplay writer: alanball
1106;Crew: the first screenplay writer: amolegupte
1107;Crew: the first screenplay writer: andrewkevinwalker
1108;Crew: the first screenplay writer: andrewstanton
1109;Crew: the first screenplay writer: andywachowski
1110;Crew: the first screenplay writer: anthonyshaffer
1111;Crew: the first screenplay writer: arthurlaurents
1112;Crew: the first screenplay writer: benhecht
1113;Crew: the first screenplay writer: billlancaster
1114;Crew: the first screenplay writer: billywilder
1115;Crew: the first screenplay writer: bogoldman
1116;Crew: the first screenplay writer: bradbird
1117;Crew: the first screenplay writer: brauliomantovani
1118;Crew: the first screenplay writer: brianhelgeland
1119;Crew: the first screenplay writer: buddschulberg
1120;Crew: the first screenplay writer: calderwillingham
1121;Crew: the first screenplay writer: carlforeman
1122;Crew: the first screenplay writer: carlgottlieb
1123;Crew: the first screenplay writer: charlesbrackett
1124;Crew: the first screenplay writer: charleschaplin
1125;Crew: the first screenplay writer: charliekaufman
1126;Crew: the first screenplay writer: christophermcquarrie
1127;Crew: the first screenplay writer: christophernolan
1128;Crew: the first screenplay writer: clydebruckman
1129;Crew: the first screenplay writer: daltontrumbo
1130;Crew: the first screenplay writer: dannyrubin
1131;Crew: the first screenplay writer: danobannon
1132;Crew: the first screenplay writer: davidfranzoni
1133;Crew: the first screenplay writer: davidlynch
1134;Crew: the first screenplay writer: davidmagee
1135;Crew: the first screenplay writer: davidmckenna
1136;Crew: the first screenplay writer: davidseidler
1137;Crew: the first screenplay writer: davidsward
1138;Crew: the first screenplay writer: erictoledano
1139;Crew: the first screenplay writer: ernestlehman
1140;Crew: the first screenplay writer: felixchong
1141;Crew: the first screenplay writer: francesgoodrich
1142;Crew: the first screenplay writer: frankdarabont
1143;Crew: the first screenplay writer: frankpierson
1144;Crew: the first screenplay writer: franwalsh
1145;Crew: the first screenplay writer: fritzlang
1146;Crew: the first screenplay writer: georgeabbott
1147;Crew: the first screenplay writer: georgeaxelrod
1148;Crew: the first screenplay writer: giuseppetornatore
1149;Crew: the first screenplay writer: grahamchapman
1150;Crew: the first screenplay writer: grahamgreene
1151;Crew: the first screenplay writer: guillermodeltoro
1152;Crew: the first screenplay writer: guyritchie
1153;Crew: the first screenplay writer: hamptonfancher
1154;Crew: the first screenplay writer: harrygrey
1155;Crew: the first screenplay writer: hayaomiyazaki
1156;Crew: the first screenplay writer: hortonfoote
1157;Crew: the first screenplay writer: hubertselbyjr
1158;Crew: the first screenplay writer: ianmclellanhunter
1159;Crew: the first screenplay writer: ingmarbergman
1160;Crew: the first screenplay writer: jamesagee
1161;Crew: the first screenplay writer: jamesclavell
1162;Crew: the first screenplay writer: jameswarnerbellah
1163;Crew: the first screenplay writer: jebstuart
1164;Crew: the first screenplay writer: jeffreyboam
1165;Crew: the first screenplay writer: jimsheridan
1166;Crew: the first screenplay writer: joelcoen
1167;Crew: the first screenplay writer: johnbriley
1168;Crew: the first screenplay writer: johnhodge
1169;Crew: the first screenplay writer: johnhuston
1170;Crew: the first screenplay writer: johnmichaelhayes
1171;Crew: the first screenplay writer: johnmilius
1172;Crew: the first screenplay writer: jonathannolan
1173;Crew: the first screenplay writer: josephlmankiewicz
1174;Crew: the first screenplay writer: josephstefano
1175;Crew: the first screenplay writer: josswhedon
1176;Crew: the first screenplay writer: juliusjepstein
1177;Crew: the first screenplay writer: karltunberg
1178;Crew: the first screenplay writer: keirpearson
1179;Crew: the first screenplay writer: krzysztofkieslowski
1180;Crew: the first screenplay writer: laetakalogridis
1181;Crew: the first screenplay writer: lawrencekasdan
1182;Crew: the first screenplay writer: lindawoolverton
1183;Crew: the first screenplay writer: lucianovincenzoni
1184;Crew: the first screenplay writer: mariopuzo
1185;Crew: the first screenplay writer: markheyman
1186;Crew: the first screenplay writer: martinscorsese
1187;Crew: the first screenplay writer: marychase
1188;Crew: the first screenplay writer: mattdamon
1189;Crew: the first screenplay writer: michaelcimino
1190;Crew: the first screenplay writer: michaelcrichton
1191;Crew: the first screenplay writer: michaelherr
1192;Crew: the first screenplay writer: michaelmann
1193;Crew: the first screenplay writer: nicholaspileggi
1194;Crew: the first screenplay writer: nickschenk
1195;Crew: the first screenplay writer: noellangley
1196;Crew: the first screenplay writer: null
1197;Crew: the first screenplay writer: nunnallyjohnson
1198;Crew: the first screenplay writer: oliverstone
1199;Crew: the first screenplay writer: orsonwelles
1200;Crew: the first screenplay writer: paddychayefsky
1201;Crew: the first screenplay writer: paulhaggis
1202;Crew: the first screenplay writer: paulschrader
1203;Crew: the first screenplay writer: paulthomasanderson
1204;Crew: the first screenplay writer: peterjackson
1205;Crew: the first screenplay writer: petershaffer
1206;Crew: the first screenplay writer: quentintarantino
1207;Crew: the first screenplay writer: rajkumarhirani
1208;Crew: the first screenplay writer: randallwallace
1209;Crew: the first screenplay writer: raymondchandler
1210;Crew: the first screenplay writer: raynoldgideon
1211;Crew: the first screenplay writer: reginaldrose
1212;Crew: the first screenplay writer: richardkelly
1213;Crew: the first screenplay writer: richardlinklater
1214;Crew: the first screenplay writer: robertbolt
1215;Crew: the first screenplay writer: robertesherwood
1216;Crew: the first screenplay writer: robertriskin
1217;Crew: the first screenplay writer: robertrodat
1218;Crew: the first screenplay writer: roberttowne
1219;Crew: the first screenplay writer: romanpolanski
1220;Crew: the first screenplay writer: ronaldbass
1221;Crew: the first screenplay writer: ronaldharwood
1222;Crew: the first screenplay writer: sampeckinpah
1223;Crew: the first screenplay writer: seanpenn
1224;Crew: the first screenplay writer: sidneybuchman
1225;Crew: the first screenplay writer: sidneycarroll
1226;Crew: the first screenplay writer: sidneyhoward
1227;Crew: the first screenplay writer: simonbeaufoy
1228;Crew: the first screenplay writer: stanleykubrick
1229;Crew: the first screenplay writer: stevekloves
1230;Crew: the first screenplay writer: stevenzaillian
1231;Crew: the first screenplay writer: sylvesterstallone
1232;Crew: the first screenplay writer: tedelliott
1233;Crew: the first screenplay writer: tedtally
1234;Crew: the first screenplay writer: tennesseewilliams
1235;Crew: the first screenplay writer: territatchell
1236;Crew: the first screenplay writer: thomasvinterberg
1237;Crew: the first screenplay writer: tonygilroy
1238;Crew: the first screenplay writer: victorandrescatena
1239;Crew: the first screenplay writer: wendellmayes
1240;Crew: the first screenplay writer: willdavies
1241;Crew: the first screenplay writer: williamfaulkner
1242;Crew: the first screenplay writer: williamgoldman
1243;Crew: the first screenplay writer: williammonahan
1244;Crew: the first screenplay writer: williampeterblatty
1245;Crew: the first screenplay writer: winstongroom
1246;Crew: the first screenplay writer: woodyallen
1247;Genre: is it action?
1248;Genre: is it adventure?
1249;Genre: is it animation?
1250;Genre: is it comedy?
1251;Genre: is it crime?
1252;Genre: is it drama?
1253;Genre: is it family?
1254;Genre: is it fantasy?
1255;Genre: is it film noir?
1256;Genre: is it history?
1257;Genre: is it horror?
1258;Genre: is it mystery?
1259;Genre: is it romance?
1260;Genre: is it science fiction?
1261;Genre: is it suspense?
1262;Genre: is it thriller?
1263;Genre: is it war?
1264;Genre: is it western?
1265;Regional: Production country: is it France?
1266;Regional: Production country: is it Germany?
1267;Regional: Production country: is it United Kingdom?
1268;Regional: Production country: is it USA?
1269;Regional: Spoken languages: is there English?
1270;Regional: Spoken languages: is there French?
1271;Regional: Spoken languages: is there German?
1272;Regional: Spoken languages: is there Italian?
1273;Regional: Spoken languages: is there Japanese?
1274;Regional: Spoken languages: is there Latin?
1275;Regional: Spoken languages: is there Russian?
1276;Regional: Spoken languages: is there Spanish?
1277;TMDB votes: average: <D2
1278;TMDB votes: average: <D3
1279;TMDB votes: average: <D4
1280;TMDB votes: average: <D5
1281;TMDB votes: average: <D6
1282;TMDB votes: average: <D7
1283;TMDB votes: average: <D8
1284;TMDB votes: average: <D9
1285;TMDB votes: count: <D2
1286;TMDB votes: count: <D3
1287;TMDB votes: count: <D4
1288;TMDB votes: count: <D5
1289;TMDB votes: count: <D6
1290;TMDB votes: count: <D7
1291;TMDB votes: count: <D8
1292;TMDB votes: count: <D9
